author,title,subtitle preview,published date,min read time,collection,claps,responses
Chris Webb,Reading a Photographâ€™s Exif Data with Python andÂ Pillow,,Oct 31,6 min read,Python In Plain English,45,
Tracyrenee,How I used TfidfVectorizer() to solve a taggingÂ problem,,Nov 1,4 min read,Python In Plain English,61,
Zhang Zeyu,Network Scanning with Scapy inÂ Python,,Aug 2,6 min read,Python In Plain English,154,
Bhagesh Hunakunti,Pandas Tips & Tricks that every Data Scientist shouldÂ know,,Jul 30,5 min read,Python In Plain English,2,
D Khambu,Breaking out of nested loopsâ€Šâ€”â€ŠPython,,Aug 1,4 min read,Python In Plain English,56,
Jagandeep Singh,Predicting Used Car Prices withÂ Python,,Aug 2,4 min read,Python In Plain English,14,
Mikhail Raevskiy,Top 10 Security Holes Python Developer Should Be AfraidÂ Of,,Aug 2,6 min read,Python In Plain English,6,
Grant Peach,A Python GUI Designer forÂ Mac,,Aug 2,4 min read,Python In Plain English,150,
Irene Too,Webscrape Heart Disease Research News Using BeautifulSoup,How severe can heart disease affectÂ ourâ€¦,Aug 1,4 min read,Python In Plain English,2,
Nikita Buslov,Noteworthy lessons from my FANG Experience,,Jul 30,5 min read,Python In Plain English,99,
Erik Schrama,How to read out your smart gas meter with a raspberry pi,,Jul 1,8 min read,Python In Plain English,51,1 response
Nawar Aswad,How I Created a Python Script to Buy the Intel Core i9Â 10900k,,Jun 30,4 min read,Python In Plain English,41,
Matt von Rohr,Neural Networks inÂ Python,,Jul 1,8 min read,Python In Plain English,41,
Jagandeep Singh,Statistical Tests withÂ Python,A statistical test provides a mechanism for making quantitativeâ€¦,Jul 28,5 min read,Python In Plain English,488,5 responses
Uzair Adamjee,Useful Python Tips +Â Tricks,,Jul 30,2 min read,Python In Plain English,58,
Ke Gui,Identifying Outliers,Python For Finance: Part 1 (How to find and visualize outliers in your datasetÂ byâ€¦,Jul 23,5 min read,Python In Plain English,14,
Martin Thoma,Structuring Unit Tests inÂ Python,,Jul 25,7 min read,Python In Plain English,217,1 response
Dinesh Kumar K B,Different ways to convert a Python List to a Dictionary,,Jul 27,4 min read,Python In Plain English,1,
Kaushik Katari,Python Recursion or Recursive Function inÂ Python,,Jul 27,4 min read,Python In Plain English,19,
Borna Ahmadzadeh,Blue Book for Bulldozers Competition Part 7 (Continued)â€Šâ€”â€ŠDeep Learning for Tabular DataÂ III,,Jul 27,12 min read,Python In Plain English,2,
Martin Thoma,Unit Testing in Pythonâ€Šâ€”â€Štox andÂ nox,,Jul 23,4 min read,Python In Plain English,146,
Kaushik Katari,Python Programs to check for Armstrong Number (n digit) and FencedÂ Matrix,,Jul 23,3 min read,Python In Plain English,37,
Dickson Mwendia,How to Write Code That Everyone CanÂ Read,Understandable code will make you a better developer,Jul 19,7 min read,Python In Plain English,31,1 response
Martin Thoma,How to start Python Development on Windows 10 (Anaconda Edition),Learn how to execute PythonÂ onâ€¦,Jul 20,4 min read,Python In Plain English,12,1 response
Behic Guven,The 5 High Demanding Data ScienceÂ Careers,,Jul 19,5 min read,Python In Plain English,84,
Sathishravi,Introduction to Python fundamentals for DataÂ Science,,Jul 20,5 min read,Python In Plain English,3,
Ashutosh Singh,Face Recognition Model Using TransferÂ Learning,,Jul 20,2 min read,Python In Plain English,1,
Pasindu Ukwatta,Data Visualization Libraries inÂ Python,,Jul 20,4 min read,Python In Plain English,115,
Richard Quinn,22 Pythonic Tricks for Working withÂ Strings,,Jul 19,3 min read,Python In Plain English,291,2 responses
pankaj kumar,Pickling Objects inÂ Python,,Jul 18,3 min read,Python In Plain English,2,
Mikhail Raevskiy,Python Dictionary Methodsâ€Šâ€”â€ŠExplained,Clear explanation for Python dictionary methods and how toÂ useâ€¦,Nov 9,4 min read,Python In Plain English,23,
Fabio Motta,Python Dictionary: access values without knowing keyÂ names,,Nov 9,2 min read,Python In Plain English,11,
Tracyrenee,How I improved my prediction accuracy by using BaggingRegressor() inÂ sklearn,,Nov 9,3 min read,Python In Plain English,,
Rajathithan Rajasekar,Export Data from ElasticSearch & Kibana to Pandas Dataframe,,May 30,2 min read,Python In Plain English,3,
Ashish Ansurkar,Getting Started With Graphql andÂ Flask,,May 30,4 min read,Python In Plain English,1,
Ahmed Cheema,"Using Machine Learning to Classify NBA Players, PartÂ II",,May 30,11 min read,Python In Plain English,,
JOSHUA WEINSTEIN,The incredible power of Pythonâ€™s replaceÂ regex,,Oct 31,6 min read,Python In Plain English,5,
Amal Hasni,Get started with Selenium WebDriver with Python in under 10Â minutes!,,Oct 31,4 min read,Python In Plain English,147,
aditya dhanraj tiwari,sorted() inÂ Python,,Oct 31,4 min read,Python In Plain English,51,
Sofien Kaabar,Coding Different Facets of Volatility,,Oct 30,7 min read,Python In Plain English,49,
Bryan Dijkhuizen,How to Create a Simple Django Web App with Python for Beginners inÂ 2021,,Oct 30,8 min read,Python In Plain English,30,1 response
abalcerek,How to implement Set withÂ Python,,Oct 29,6 min read,Python In Plain English,,
Tracyrenee,How I used merge() to solve a food demand processing problem,,Oct 30,4 min read,Python In Plain English,24,
James Briggs,Build Better APIs WithÂ Python,,Oct 27,8 min read,Python In Plain English,142,1 response
Chris Webb,Exploring the Visible Spectrum inÂ Python,,Oct 27,7 min read,Python In Plain English,30,
Sofien Kaabar,How To Create Candlestick Trading Systems inÂ Python,,Oct 25,19 min read,Python In Plain English,102,
Mike Wolfe,Python and Test-Driven Development,,Oct 24,3 min read,Python In Plain English,50,
Sandro,8 Python Tools That Every Developer ShouldÂ Know,,Oct 26,7 min read,Python In Plain English,270,2 responses
Himanshu kanojiya,OpenCV Python Tutorial for Beginners PartÂ 1,,Oct 24,6 min read,Python In Plain English,2,
Martin Thoma,PyCharm Professionalâ€Šâ€”â€ŠPython Editors in ReviewÂ ğŸ‘©â€ğŸ’»,,Oct 25,6 min read,Python In Plain English,43,1 response
Farel Ellely,How To Generate Barcodes WithÂ Django,,Oct 25,4 min read,Python In Plain English,43,
Himanshu kanojiya,,,Oct 26,6 min read,Python In Plain English,22,
Shilpa Arora,Statistical Machine Learning inÂ Python,"Summary of each chapter of the book- Introduction of Statistical Learning (ISL), along with Python code &Â data.",Oct 24,3 min read,Python In Plain English,53,
Dinesh Kumar K B,Creating Immutable Classes Using NamedTuple inÂ Python,,Oct 22,4 min read,Python In Plain English,93,
Martin Thoma,Python Editors in Review: Sublime TextÂ ğŸ‘¨â€ğŸ’»,,Oct 22,5 min read,Python In Plain English,43,
Bryan Dijkhuizen,The Pandas Guide for Python Beginners inÂ 2021,,Oct 29,5 min read,Python In Plain English,49,
Viviana MÃ¡rquez,How to create a Twitter Bot to troll yourÂ friends,,Oct 29,4 min read,Python In Plain English,16,
Bryan Dijkhuizen,Using Python and MongoDB for Absolute Beginners inÂ 2021,,Oct 29,4 min read,Python In Plain English,56,
Kieran Tan Kah Wang,Decision Trees & Random Forests inÂ Pyspark,,Oct 29,6 min read,Python In Plain English,45,
Alberto Naranjo,Build a payment system with Django 3.1 and Stripe fromÂ scratch,,Oct 28,6 min read,Python In Plain English,22,
Chris Webb,An Introduction to Image Manipulation in Python withÂ Pillow,,Oct 29,9 min read,Python In Plain English,90,
Pattidegner,Image Filtering and Editing in Pythonâ€Šâ€”â€ŠWithÂ Code,,Oct 29,6 min read,Python In Plain English,55,
Sebastian Witowski,Sorting Lists inÂ Python,Whatâ€™s the fastest way to sort a list? When can you use sort() and whenÂ youâ€¦,Oct 22,3 min read,Python In Plain English,31,
Griffin Leow,Telegram Channel Listener withÂ Python,,Oct 20,5 min read,Python In Plain English,6,
SolClover,How to Get Medium Story Stats with 3 Lines of PythonÂ Code,,Oct 21,4 min read,Python In Plain English,70,
Haider Imtiaz,Create a Tweet Bot with Python Without Using The TwitterÂ API,,Oct 21,3 min read,Python In Plain English,5,1 response
180NF,How to Create a Cryptocurrency Wallet inÂ Python,We will be integrating the stellar network withÂ ourâ€¦,Apr 29,7 min read,Python In Plain English,10,
Manthan B Y,Zero to Hero in Python in 30 days: Day 27: Comprehensions,,Apr 29,3 min read,Python In Plain English,57,
WeiQin Chuah,Learning Convolutional Neural Network (CNN) withÂ PyTorch,,Apr 29,8 min read,Python In Plain English,,1 response
Shekhar Srivastava,Dynamic Programming inÂ Python,,Apr 30,2 min read,Python In Plain English,1,
Alberto Naranjo,Build a payment system with Django 3.1 and Stripe from scratch. PartÂ 3,,Oct 19,6 min read,Python In Plain English,140,
Kevin C Lee,How to Build a WebÂ API,,Oct 19,8 min read,Python In Plain English,6,
Peter Grant,How to Create Report-Ready Plots inÂ Python,,Oct 19,11 min read,Python In Plain English,33,1 response
Uzair Adamjee,Introduction to NLTK library inÂ Python,One of the best library for understanding text basedÂ data,Oct 19,2 min read,Python In Plain English,32,
Borna Ahmadzadeh,Tackling Kaggleâ€™s Mercedes-Benz Greener Manufacturing Competition withÂ Python,Part 3 (Continued)â€Šâ€”â€¦,Oct 19,11 min read,Python In Plain English,1,
Amey Band,Exploratory Data Analysis inÂ Python,When newbies approach their first industrial levelÂ machineâ€¦,Apr 27,10 min read,Python In Plain English,34,
Athena Xiao,Technical | How to Recover a Deleted/Overwritten PythonÂ File?,,Apr 27,2 min read,Python In Plain English,3,
Manthan B Y,Zero to Hero in Python in 30 days: Day 24:Â Modules,,Apr 26,6 min read,Python In Plain English,6,
Kranthi kumar,QR code generation withÂ Python,,Apr 27,1 min read,Python In Plain English,,
Dimensionless,The Revolutionary Growth Rate of Python andÂ R,,Apr 27,2 min read,Python In Plain English,,
Sofien Kaabar,A Python Study: Combining Candlestick Patterns with Technical Indicators,,Oct 20,10 min read,Python In Plain English,152,3 responses
Martin Thoma,A Beginnerâ€™s Guide to Python Development on WindowsÂ 10,,Oct 20,4 min read,Python In Plain English,25,
Michael Van Den Reym,Automate Tasksâ€Šâ€”â€ŠRobotic Process Automation withÂ Python,,Apr 29,2 min read,Python In Plain English,15,1 response
Suyash Kathar,Best way to organize FlaskÂ Project,,Apr 29,3 min read,Python In Plain English,,
Benjamin Carlson,Python Automation With Selenium: Building An Instagram Bot,,Apr 29,4 min read,Python In Plain English,3,
Manthan B Y,Zero to Hero in Python in 30 days: Day 26: File I/O PartÂ II,,Apr 28,3 min read,Python In Plain English,50,
Melvin K.,Solving Producer/Consumer Problem of Concurrent Programming inÂ Python,,Apr 28,6 min read,Python In Plain English,9,
zalazala,"Girl in tech at 38, my PythonÂ story",,Apr 27,5 min read,Python In Plain English,11,
Manthan B Y,Zero to Hero in Python in 30 days: Day 25: File I/O PartÂ I,,Apr 27,5 min read,Python In Plain English,,
Michael King,How to send emails with file attachments with Python by using Google Gmail SMTPÂ server,,Apr 27,3 min read,Python In Plain English,49,
Divyanshi Bhamri,Performance Testing with Locust (PartÂ 4),,Apr 25,4 min read,Python In Plain English,158,
Sam Taylor-Offord,The Code: On Data Exploration and Visualisation,In my last post I took us on a journey throughÂ theâ€¦,Apr 26,13 min read,Python In Plain English,33,
Manthan B Y,"Zero to Hero in Python in 30 days: Day 22: Instance, Class and StaticÂ Methods",,Apr 24,3 min read,Python In Plain English,1,
Zhang Zeyu,Managing Python Virtual Environments With virtualenvwrapper,,Apr 25,3 min read,Python In Plain English,1,
Dimensionless,An Introduction to Python Virtual Environment,,Apr 24,1 min read,Python In Plain English,,
Radek Bezvoda,First Look at Selenium inÂ Python,,Apr 25,3 min read,Python In Plain English,,
Sydney Chen,Text Mining by Using Naive Bayesâ€Šâ€”â€ŠSpam Email Classification,,Apr 25,6 min read,Python In Plain English,103,
rebelCoder,"Bioinformatics in Python; DNA Toolkit. Part 5, 6 & 7: Open Reading Frames, Protein Search in NCBIÂ database",,Apr 26,6 min read,Python In Plain English,46,
Manthan B Y,Zero to Hero in Python in 30 days: Day 23: Object Lifecycle,,Apr 25,3 min read,Python In Plain English,,
Infinite Cipher,Maximizing Django Oscar Settings Variables,,Apr 26,2 min read,Python In Plain English,,
Meysam Azad,How To Write Tests For Your Python WebÂ App,A practical guide for adding tests and coverage toÂ yourâ€¦,Apr 26,9 min read,Python In Plain English,2,
Jason Zhang,Python Most useful Tips and Tricks in DataScience Competitions,,Apr 25,3 min read,Python In Plain English,13,
Miri Trope,Hacking the Genetics ofÂ Viruses,The Pursuit of ViralÂ DATA,Apr 23,5 min read,Python In Plain English,26,
Manthan B Y,Zero to Hero in Python in 30 days: Day 21:Â Classes,,Apr 23,3 min read,Python In Plain English,72,1 response
Manthan B Y,Zero to Hero in Python in 30 days: Day 19: Using PythonÂ Tutor,,Apr 21,3 min read,Python In Plain English,58,
Di(Candice) Han,How to clean data inÂ Python,,Apr 23,3 min read,Python In Plain English,3,
Manthan B Y,Zero to Hero in Python in 30 days: Day 20: Basic Introduction toÂ OOP,,Apr 22,4 min read,Python In Plain English,49,
Melvin K.,Concurrent Programming in Python is not what you think itÂ is.,,Apr 24,5 min read,Python In Plain English,3,
Projjal Gop,Generators and Iterators inÂ Python,,Apr 21,3 min read,Python In Plain English,,
Dhaval Thakur,5 Best IDE For Python you should try inÂ 2020,"There are many Python IDEâ€™s on Internet, but whichÂ onesâ€¦",Apr 21,6 min read,Python In Plain English,19,
Manthan B Y,Zero to Hero in Python in 30 days: Day 18: Dictionaries,,Apr 20,5 min read,Python In Plain English,56,
Di(Candice) Han,How to rename columns in Pandasâ€Šâ€”â€Štechniques you must know with realÂ data,,Apr 21,3 min read,Python In Plain English,2,
Ivan Sanders,Pi Diary: Making My Own â€œRC Carâ€ using Raspberry Pi,,Apr 16,7 min read,Python In Plain English,12,
Stephen Sanwo,Graph Algorithms for Risk Assessment,Using graph algorithms for dynamic risk assessment inÂ python,Apr 17,10 min read,Python In Plain English,15,
Daniel Chow,Music Recommendation System forÂ DJs,Using Matrix Factorisation to findÂ music,Apr 17,6 min read,Python In Plain English,132,
Suyash Kathar,Python Design Pattern: FactoryÂ Method,,Apr 17,2 min read,Python In Plain English,55,
Manthan B Y,Zero to Hero in Python in 30 days: Day 14:Â Lists,,Apr 16,5 min read,Python In Plain English,57,
NotSoCoolCoder,Getting started withÂ pipenv,,Apr 17,2 min read,Python In Plain English,,
DivS,My experience with 365 DataÂ Science,,Apr 17,3 min read,Python In Plain English,65,
Irfan Fadhullah,How to Install Anaconda Platform in YourÂ Computer,,Apr 16,4 min read,Python In Plain English,2,
Divyanshi Bhamri,Performance Testing with Locust (PartÂ 3),,Apr 19,4 min read,Python In Plain English,188,
NotSoCoolCoder,Exception Handling inÂ Python,,Apr 17,2 min read,Python In Plain English,10,
Manthan B Y,Zero to Hero in Python in 30 days: Day 16:Â Tuples,,Apr 18,5 min read,Python In Plain English,106,
Thomas Abraham,Create Multi Factor Authentication for your Application using Hashicorp Vault,,Apr 20,16 min read,Python In Plain English,56,1 response
Juli Colombo,Build a Simple Mailing Service withÂ Django,,Apr 20,4 min read,Python In Plain English,132,
Infinite Cipher,Up and running with DjangoÂ Oscar,,Apr 20,3 min read,Python In Plain English,1,
Di(Candice) Han,Filtering Rows and Columns in Pandas Pythonâ€Šâ€”â€Štechniques you mustÂ know,,Apr 20,4 min read,Python In Plain English,2,
Samuel Q Yang,"How I Built Doppel, my First Mobile App: PartÂ 1",,Apr 19,8 min read,Python In Plain English,14,
Sydney Chen,Introduction to ANN Algorithmsâ€Šâ€”â€ŠICU Prediction Model inÂ Python,,Apr 18,7 min read,Python In Plain English,105,1 response
Joshua Szymanowski,Daunting Python and the Holy Poetry Generator,A quest for creative text generation,Apr 19,6 min read,Python In Plain English,318,
Samuel Q Yang,"How I Built Doppel, my First Mobile App: PartÂ 2",,Apr 19,9 min read,Python In Plain English,3,
Arnab Bose,Python Asyncio for ThreadÂ Users,,Apr 19,4 min read,Python In Plain English,,
Jeffery Cao,3 Important lessons I learnt from a Data Science internship,,Apr 20,5 min read,Python In Plain English,60,1 response
Diego AmenÃ¡bar,Parallel Web Scraping inÂ Python,,Apr 20,5 min read,Python In Plain English,1,1 response
Samuel Q Yang,"How I Built Doppel, my First Mobile App: PartÂ 3",,Apr 19,7 min read,Python In Plain English,2,
Manthan B Y,Zero to Hero in Python in 30 days: Day 17:Â Sets,,Apr 19,4 min read,Python In Plain English,102,
Michael Van Den Reym,Listing 404 Pages Indexed by Google UsingÂ Python,,Apr 18,2 min read,Python In Plain English,3,1 response
Manthan B Y,Zero to Hero in Python in 30 days: Day 15: ListÂ Methods,,Apr 17,4 min read,Python In Plain English,102,
Kelvin Tan,Circuit Breaker: 12 DaysÂ In,,Apr 18,3 min read,Python In Plain English,,
Di(Candice) Han,Slicing data in Pandas Pythonâ€Šâ€”â€Šmost commonly used techniques to slice and subset real-life data,,Apr 18,3 min read,Python In Plain English,1,
Ashwat Mahendran,Hierarchical Clustering usingÂ Python,,Apr 17,3 min read,Python In Plain English,1,
Mehak Alamgir,Data ScienceÂ Trends,,Apr 18,6 min read,Python In Plain English,,
Borna Ahmadzadeh,Blue Book for Bulldozers Competition Part 3â€Šâ€”â€ŠFeature Selection,Removing redundant featuresâ€Šâ€”â€ŠAÂ Kaggleâ€¦,Apr 20,10 min read,Python In Plain English,,
Karthikeyan Mohanraj,Apache SPARK using Jupyter in LINUXÂ : Installation andÂ Setup,,Apr 14,3 min read,Python In Plain English,162,
Somayyeh Gholami,Build a â€œSmart Blockchainâ€ inÂ Python,"Introduction: In this article, we are going to implement aÂ simpleâ€¦",Apr 15,14 min read,Python In Plain English,219,1 response
Manthan B Y,Zero to Hero in Python in 30 days: Day 11: Strings PartÂ I,,Apr 13,5 min read,Python In Plain English,164,
Manthan B Y,Understanding Python Data Model: A Simple Introduction,,Apr 13,3 min read,Python In Plain English,8,
Shawon Ashraf,What is collocation?,â€œYou shall know a word by the company itÂ keepsâ€,Apr 16,6 min read,Python In Plain English,6,
Book Lailert,Estimating WiFi signal strength (in an area with obstacles) inÂ Python,,Apr 16,8 min read,Python In Plain English,,
Dhaneswara Mandrasa,COVID-19: This Is Why Some Countries Suffer More ThanÂ Others,,Apr 16,6 min read,Python In Plain English,21,
Manthan B Y,Zero to Hero in Python in 30 days: Day 10: Functions PartÂ II,,Apr 12,4 min read,Python In Plain English,158,
Prabod Dunuwila,Python Data Structure Basics -Â III,"In the last 2 articles, I explained you about ListsÂ andâ€¦",Apr 13,3 min read,Python In Plain English,50,
Valentina Alto,Visualizing dynamic phenomena with SIR model andÂ Networks,An implementation withÂ Python,Apr 14,5 min read,Python In Plain English,80,
Book Lailert,Estimating WiFi signal strength (in an area with obstacles) inÂ Python,,Apr 15,4 min read,Python In Plain English,2,
Di(Candice) Han,Preprocessing GDP data from World Bank and visualize theÂ trend,,Apr 15,3 min read,Python In Plain English,1,
Manthan B Y,Zero to Hero in Python in 30 days: Day 13: StringÂ Methods,,Apr 15,4 min read,Python In Plain English,64,
Manthan B Y,Zero to Hero in Python in 30 days: Day 12: Strings PartÂ II,,Apr 14,5 min read,Python In Plain English,113,
NotSoCoolCoder,Output Formatting withÂ Python,,Apr 14,2 min read,Python In Plain English,4,
Valentina Alto,Introduction to Network science withÂ NetworkX,,Apr 11,6 min read,Python In Plain English,137,
Valentina Alto,Introduction to Network science withÂ NetworkX,,Apr 11,7 min read,Python In Plain English,151,1 response
Carlos Miragall,How Covid-19 has been spreading in the different SpanishÂ regions,,Apr 11,6 min read,Python In Plain English,9,
Divyanshi Bhamri,Performance Testing with Locust (PartÂ 2),,Apr 11,3 min read,Python In Plain English,183,1 response
Thomas Neder,Simulating the Coronavirus Epidemic in Switzerland with a realistic model,,Apr 11,9 min read,Python In Plain English,,
Manthan B Y,"Zero to Hero in Python in 30 days: Day 8: Taking input from the user, type()Â function",,Apr 10,5 min read,Python In Plain English,200,
Ahad Arif,A brief overview ofÂ Python,,Apr 10,5 min read,Python In Plain English,12,
Anastasia Gorina,Analyzing data with and without programming skills,,Apr 11,6 min read,Python In Plain English,170,
Manthan B Y,Zero to Hero in Python in 30 days: Day 6: Flow Control PartÂ I,Flow control means controlling theÂ flowâ€¦,Apr 8,6 min read,Python In Plain English,108,
Surabhi Tulshyan,Learn Python on JupyterÂ Notebook,,Apr 11,3 min read,Python In Plain English,18,
Steven Curtis,Build your first Python Application without aÂ PC,,Apr 11,3 min read,Python In Plain English,,
Jeppe Klitgaard,Fitting experimental data to a model inÂ Python,,Apr 11,4 min read,Python In Plain English,,
Jeppe Klitgaard,Quantifying â€˜TheÂ Curveâ€™,,Apr 11,4 min read,Python In Plain English,,
Josh Hodgkinson,3 Simple Steps to Your First Computer VisionÂ Project,,Apr 11,5 min read,Python In Plain English,,
Maanav Garg,Send Emails UsingÂ Python,,Apr 8,2 min read,Python In Plain English,,
Prabod Dunuwila,Python Data Structure Basics -Â II,In the last article I explained you about Lists in python. InÂ thisâ€¦,Apr 9,3 min read,Python In Plain English,1,
Manthan B Y,Zero to Hero in Python in 30 days: Day 7: Flow Control PartÂ II,,Apr 9,5 min read,Python In Plain English,203,
Emmett Boudreau,Level Up Your Python Dictionaries,,Apr 6,5 min read,Python In Plain English,329,4 responses
Carlos Miragall,Is the Covid-19 curve really flattening inÂ Spain?,,Apr 6,5 min read,Python In Plain English,3,
Manthan B Y,Zero to Hero in Python in 30 days: Day 3: Operators PartÂ I,,Apr 5,8 min read,Python In Plain English,197,
DLMade,Deploying a Django project onÂ Heroku,,Apr 6,2 min read,Python In Plain English,2,
Prabod Dunuwila,Python Data Structure Basics -Â I,"In this article series,  Iâ€™m going to walk you through the followingâ€¦",Apr 5,3 min read,Python In Plain English,1,
Josh Hodgkinson,6 Simple Steps for a Python Setup inÂ Atom,,Apr 5,4 min read,Python In Plain English,23,
rebelCoder,"Bioinformatics in Python; DNA Toolkit. Part 4: Translation, CodonÂ Usage",,Apr 5,4 min read,Python In Plain English,67,
Manthan B Y,"Zero to Hero in Python in 30 Days: Day 2: Values, Variables, Expressions",,Apr 4,5 min read,Python In Plain English,170,
Borna Ahmadzadeh,Blue Book for Bulldozers Competition Part 2â€” Finding the Right Validation Set,Finding aÂ goodâ€¦,Apr 5,8 min read,Python In Plain English,,
Ary Sharifian,Save Money and Resources with Cloud Python SDK andÂ Tags,,Apr 4,3 min read,Python In Plain English,,
Manthan B Y,"Zero to Hero in Python in 30 days: Day 5: Print function, Comments",,Apr 7,8 min read,Python In Plain English,181,
Valentina Alto,Introduction to Network science withÂ NetworkX,,Apr 12,4 min read,Python In Plain English,128,
Daniel Da Costa,Uploading a Python package toÂ PyPi,How to quickly upload a Python package toÂ PyPi,Apr 7,3 min read,Python In Plain English,3,
Usama Khan,Scrapping your Uber Eats data using Selenium and Beautiful Soup,,Apr 11,8 min read,Python In Plain English,4,
Manthan B Y,Zero to Hero in Python in 30 days: Day 9: Functions PartÂ I,,Apr 11,5 min read,Python In Plain English,101,
Angad Singh,Fetch and Store data with Python from an API in a JSONÂ file,,Apr 12,2 min read,Python In Plain English,50,
Bradley Reimers,Managing Kubernetes in DjangoÂ FTW,,Apr 6,4 min read,Python In Plain English,2,
Manthan B Y,Zero to Hero in Python in 30 days: Day 4: Operators PartÂ II,,Apr 6,5 min read,Python In Plain English,131,
Trung Anh Dang,Hello â€œPython in PlainÂ Englishâ€,,Apr 6,3 min read,Python In Plain English,152,
Mathews Musukuma,Deploying a Django Application toÂ Heroku,,Apr 7,3 min read,Python In Plain English,20,1 response
jhonatan costa,Implementing Flask login with hashÂ password,,Apr 4,2 min read,Python In Plain English,35,
rebelCoder,Bioinformatics in Python; DNA Toolkit. Part 3: GC Content Calculation,,Apr 4,4 min read,Python In Plain English,17,
Manthan B Y,,,Apr 3,5 min read,Python In Plain English,96,
Divyanshi Bhamri,Performance Testing with Locust (PartÂ 1),,Apr 4,3 min read,Python In Plain English,144,2 responses
Adrienne Domingus,"Exceptions in Python: catching, raising, customizing, andÂ logging",,Apr 4,6 min read,Python In Plain English,,
Uzair Adamjee,Introduction to Web Scraping using Python and BeautifulSoup,,Apr 3,3 min read,Python In Plain English,3,
Keno Leon,Decorators inÂ Python,,Apr 3,6 min read,Python In Plain English,96,
Manthan B Y,Zero to Hero in Python in 30 Days: Day 0: Getting Started withÂ Python,,Apr 2,3 min read,Python In Plain English,104,2 responses
Peter Smiley,The Ultimate Python Guide: How to become a codingÂ god,,Apr 3,8 min read,Python In Plain English,3,
rebelCoder,Letâ€™s set up a code editor for Python and Bioinformatics,,Apr 3,4 min read,Python In Plain English,49,
Josh Hodgkinson,Simply Track Coronavirus In Your Country with Python and Scheduled Automatic Emails,,Apr 3,8 min read,Python In Plain English,130,
Kelvin Tan,Flanking vs Brute Force inÂ Python,,Apr 3,3 min read,Python In Plain English,,
Trent Murray,Djangoâ€Šâ€”â€ŠStart building an API in 8Â minutes,Start building almost any idea in 8Â minutes,Apr 2,9 min read,Python In Plain English,25,
Mike Wolfe,Testing APIs withÂ Python,,Oct 17,4 min read,Python In Plain English,60,
Jenny Yang,Learning algorithms with Python:Â Heaps,,Oct 18,5 min read,Python In Plain English,12,
George Pipis,Caesar Cipher Algorithm inÂ Python,,Oct 18,2 min read,Python In Plain English,,
George Pipis,Image Processing In OpenCVÂ Python,,Oct 18,2 min read,Python In Plain English,,
Alberto Naranjo,Build a payment system with Django 3.1 and Stripe from scratch. PartÂ 1,,Oct 16,8 min read,Python In Plain English,204,
Lucas Soares,Coding Faster with AutoHotkey,,Oct 16,5 min read,Python In Plain English,177,1 response
Sandro,How to make GIFS with Python and Seaborn From Google TrendsÂ Data,,Oct 15,6 min read,Python In Plain English,142,1 response
Lucas Soares,A Quick Pythonic Introduction toÂ C++,A quick introduction to C++ basics using Python snippets asÂ aâ€¦,Oct 14,4 min read,Python In Plain English,286,1 response
Ajay Kapoor,Why Do We Use Python for Machine Learning &Â AI?,,Oct 13,6 min read,Python In Plain English,36,1 response
George Pipis,Email Spam Detector inÂ Python,,Oct 14,3 min read,Python In Plain English,38,1 response
Arman Berek,Classifying DisasterÂ Messages,,Oct 14,5 min read,Python In Plain English,2,1 response
Drew Seewald,Adding a Typing Indicator to Your Discord.py Bot,,Oct 12,4 min read,Python In Plain English,4,1 response
Pasindu Ukwatta,Python 3.9â€Šâ€”â€ŠThe Latest Release Features You ShouldÂ Try,,Oct 13,6 min read,Python In Plain English,103,2 responses
Aayush Acharya,How to Send Email withÂ Python,,Oct 12,4 min read,Python In Plain English,1,
Pasindu Ukwatta,Is Julia The Next Big Competitor forÂ Python?,,Oct 11,6 min read,Python In Plain English,37,
Abhay Parashar,Searching Algorithms inÂ Python,,Oct 8,3 min read,Python In Plain English,51,
Curt Beck,Add Some Style to your Pandas DataFrame,,Oct 10,4 min read,Python In Plain English,25,
Mike Wolfe,Java + Python =Â Jython?,,Oct 10,5 min read,Python In Plain English,16,1 response
Sebastian Witowski,Python: For Loop vs. List Comprehension,Simple â€œfor loopsâ€ can be replaced with a list comprehensionâ€¦,Oct 15,5 min read,Python In Plain English,50,
Kevin C Lee,Better Text Preprocessing in Python withÂ Regex,,Oct 15,6 min read,Python In Plain English,68,
Alberto Naranjo,From Zero To Hero in Django: How To Successfully Install DjangoÂ 3.1,,Oct 14,5 min read,Python In Plain English,173,
Anuradha Wickramarachchi,How to discover your network-attached devices using PythonÂ SSDP,,Oct 6,4 min read,Python In Plain English,51,
Dinesh Kumar K B,Leveraging the power of tempfile library inÂ Python,,Oct 6,3 min read,Python In Plain English,61,
Kelvin Tan,From Fibonacci to N-bonacci,,Oct 6,3 min read,Python In Plain English,50,
Kai,Django on GoDaddy VPS PartÂ 4,,Oct 5,6 min read,Python In Plain English,1,
James Briggs,How to Use Selenium to Automate Everything in theÂ Browser,,Oct 7,8 min read,Python In Plain English,314,1 response
Jenny Yang,Learning Algorithmsâ€Šâ€”â€ŠMergeÂ Sort,"Previously, we had a look of Insertion Sort and implemented itÂ inâ€¦",Oct 7,5 min read,Python In Plain English,17,
Pattidegner,Three Ways to Generate Images withÂ Python,,Oct 7,4 min read,Python In Plain English,6,1 response
Kai,Django on GoDaddy VPS PartÂ 5,,Oct 7,4 min read,Python In Plain English,,
Seann Branchfield,,,Oct 7,2 min read,Python In Plain English,52,
Dominic Holder,,,Oct 7,5 min read,Python In Plain English,52,
Lucas Soares,Desktop Productivity: Automate your Wallpaper Cycle withÂ Python,,Oct 8,3 min read,Python In Plain English,151,
Sebastian Witowski,Should We Still Use OrderedDict inÂ Python?,Dictionaries in the latest Python versions preserveÂ theâ€¦,Oct 8,3 min read,Python In Plain English,10,
Abhay Parashar,Develop a Single Linked List UsingÂ Python,,Oct 8,5 min read,Python In Plain English,35,
Dev Dash MD MPH,Port Your PyTorch Code toÂ GPU,,Oct 7,2 min read,Python In Plain English,,
SolClover,How to Create a 3D Model of the Solar System Using Plotly inÂ Python,,Oct 5,6 min read,Python In Plain English,6,1 response
Nived,Create a Image-to-Document Scanner withÂ Python,,Oct 4,4 min read,Python In Plain English,2,
Borna Ahmadzadeh,Tackling Kaggleâ€™s Mercedes-Benz Greener Manufacturing Competition withÂ Python,Part 3 (Continued)â€Šâ€”â€¦,Oct 5,10 min read,Python In Plain English,2,
Mike Wolfe,Better ways of Logging withÂ Python,,Oct 3,4 min read,Python In Plain English,15,
Jenny Yang,Learning Algorithms with Python: Insertion Sort,,Oct 2,4 min read,Python In Plain English,5,
Angel Mariano,Data Exploration with Pandas and Matplolib,,Oct 2,4 min read,Python In Plain English,5,
Kai,Django on GoDaddy VPS PartÂ 3,,Oct 1,3 min read,Python In Plain English,,
George Pipis,How to deal with Dates in Texts usingÂ Python,,Oct 2,4 min read,Python In Plain English,52,
Pratik Dani,Bypassing CAPTCHAs UsingÂ Python,,May 29,4 min read,Python In Plain English,62,3 responses
Jonathan Duran,How to create an ETL pipeline in Python withÂ Airflow,Simple ETL withÂ Airflow,May 28,6 min read,Python In Plain English,16,
Ashish Ansurkar,4 Cool Things You Can Do Using Python Dictionary With MinimalÂ Code,,May 28,3 min read,Python In Plain English,17,
Thiago Carvalho,Mapping with Pythonâ€™s GeoPandas,,May 28,11 min read,Python In Plain English,113,
Brenda Maya,How to Build a Simple Web Crawler inÂ Python,Build your first webÂ crawler,May 27,6 min read,Python In Plain English,52,
Adrienne Domingus,Tuples inÂ Python,,May 28,4 min read,Python In Plain English,4,
Ranjan Srinivas,The best optimization package in Pythonâ€Šâ€”â€ŠGurobi,,May 27,3 min read,Python In Plain English,,
James Fulford,Programmatic Investing inÂ Stocks,,May 26,7 min read,Python In Plain English,75,
Jitendra Singh Balla,NumPy: Everything A Data Scientist ShouldÂ Know,,Sep 30,4 min read,Python In Plain English,55,
Ashish Mohan,Scalping day Trading strategy in Python in PlainÂ English,,May 29,6 min read,Python In Plain English,13,1 response
Dhaval Thakur,Data Wrangling: A Beginners Guide,"Learn what is data wrangling, what consists of this process andÂ knowâ€¦",May 26,4 min read,Python In Plain English,68,
Tabitha O'Melay,Everythingâ€™s anÂ Object,,May 26,5 min read,Python In Plain English,,
Zahra Elhamraoui,Simple breast cancer classification using Logistic Regression,,May 27,3 min read,Python In Plain English,,
Abhay Parashar,My first time Exploration of Titanic Dataset as a beginner onÂ Kaggle,Exploring and predictingâ€¦,Sep 30,7 min read,Python In Plain English,8,
Rahul Banerjee,How to build a Streamlit app to scrape GithubÂ Profiles,,Oct 1,5 min read,Python In Plain English,102,
Sebastian Witowski,Easy Speedup Wins WithÂ Numba,Numba library has plenty of tools to speed up your mathematical-heavyâ€¦,Oct 1,3 min read,Python In Plain English,7,
Arman Berek,Classifying DisasterÂ Messages,,Oct 1,3 min read,Python In Plain English,6,
Ashish Ansurkar,Connect Xero OAuth 2.0 Using Python Without AÂ Website,This post will guide you through the processÂ ofâ€¦,May 25,5 min read,Python In Plain English,2,
Saranjeet Singh,"Lesson 3: Web Development in Python: Database, Models, Djangoâ€™s ORM, andÂ Queries",,May 24,6 min read,Python In Plain English,20,
Saijal Shakya,Broadcasting: Binary operations on Arrays inÂ Python,,May 24,7 min read,Python In Plain English,56,
Ahmed Cheema,"Using Machine Learning to Classify NBA Players, PartÂ I",,May 22,8 min read,Python In Plain English,26,
Zahra Elhamraoui,Decision Tree easy intuitive way withÂ python,,May 23,3 min read,Python In Plain English,,
Thiago Carvalho,OLS Linear Regression Basics with Pythonâ€™s Scikit-learn,,May 24,8 min read,Python In Plain English,5,
Thiago Carvalho,Pie Chart Basics with Pythonâ€™s Matplotlib,,May 22,6 min read,Python In Plain English,19,
Behic Guven,Data Cleaning in Python using Regular Expressions,Using string manipulation to cleanÂ strings,May 20,4 min read,Python In Plain English,34,
Adrian Tran,How to Use the Google Sheet API withÂ Python,,May 21,4 min read,Python In Plain English,10,
Athena Xiao,Technical | Python dict.fromkeys() function,,May 21,3 min read,Python In Plain English,5,2 responses
David Allen,V-lookups in Pythonâ€™s PandasÂ Package,,May 21,4 min read,Python In Plain English,1,
Zahra Elhamraoui,Logistic Regression in less than 5 minutes usingÂ Python,Logistic regression is a must during yourÂ MLâ€¦,May 22,4 min read,Python In Plain English,50,
Zahra Elhamraoui,Linear Regression in less than 5 minutes usingÂ Python,,May 19,4 min read,Python In Plain English,31,
PythosLabs,Intuitive understanding of List comprehension inÂ Python,Lear the intuitive way how to learnÂ withâ€¦,May 20,4 min read,Python In Plain English,4,
Ashutosh Singh,Implementation Of KNN In Machine Learning with Scikit-learn,,May 21,4 min read,Python In Plain English,1,
Thiago Carvalho,Line Chart Basics with Pythonâ€™s Matplotlib,,May 19,8 min read,Python In Plain English,70,
TheCyberBasics,"Programming FUNdamentalsâ€Šâ€”â€ŠLists, Loops, and UserÂ Input","Last time, we created a simple functionÂ toâ€¦",May 18,5 min read,Python In Plain English,12,
Zahra Elhamraoui,Data collection: Scraping Glassdoor withÂ Selenium,,May 17,4 min read,Python In Plain English,2,1 response
Keno Leon,Front End to FullÂ Stack.,,May 18,8 min read,Python In Plain English,1,
Aleia Knight,The Other 3D: Deploying Django withÂ Docker,Time is crucial in development and utilizing theÂ rightâ€¦,May 17,6 min read,Python In Plain English,103,
Borna Ahmadzadeh,Blue Book for Bulldozers Competition Part 4 (Continued)â€Šâ€”â€ŠThorough Analysis of Important FeaturesÂ II,,May 18,8 min read,Python In Plain English,,
Claudia Ng,Creating a Time-Lapsed Heatmap of NYC Cab Pickup Locations inÂ Python,,May 15,5 min read,Python In Plain English,153,
Saranjeet Singh,Web Development in Python: LessonÂ 1,,May 15,3 min read,Python In Plain English,35,1 response
Jim McAulayğŸ,File Management WithÂ Python,,May 15,3 min read,Python In Plain English,,
Joshua Szymanowski,Creating a CustomÂ Corpus,,May 17,5 min read,Python In Plain English,54,1 response
Saranjeet Singh,Web Development in Python: Lesson 2â€Šâ€”â€ŠThe MVCÂ Model,,May 17,8 min read,Python In Plain English,5,1 response
rebelCoder,From Python to Rust: PartÂ 1.,,May 17,8 min read,Python In Plain English,15,
rebelCoder,Bioinformatics Tools Programming in Python with Qt: PartÂ 1.,,May 17,8 min read,Python In Plain English,1,
Parithy Ilam,Writing efficient loops in Pythonâ€Šâ€”â€ŠLooping alternatives.,,May 16,4 min read,Python In Plain English,1,
Ranjan Srinivas,What do you do when MySQL isnâ€™t fast enough? MeetÂ MemSQL.,,May 17,2 min read,Python In Plain English,4,
Aditya Kousik Cotra,10 Things You Can Do With PythonÂ Strings,,May 13,6 min read,Python In Plain English,30,
Michael Van Den Reym,NLP Basics for SEO in Pythonâ€Šâ€”â€ŠData Driven Meta Title Optimization,,May 13,4 min read,Python In Plain English,6,
Keno Leon,Front End to FullÂ Stack.,,May 12,11 min read,Python In Plain English,9,
Behic Guven,Cleaning Data in Python (DataÂ Types),,May 14,4 min read,Python In Plain English,130,1 response
Justin Chae,From Python to Tableau â€”Fast and Simple Visualizations,,May 14,6 min read,Python In Plain English,166,3 responses
Filip Sufitchi,"How to Write Terrible Code, Using Recursive PythonÂ Lambdas",,May 14,4 min read,Python In Plain English,57,
Mark,How to add hCaptcha to your Django (crispy) form and be more privacy conscious,,May 13,4 min read,Python In Plain English,11,
Thiago Carvalho,Bar Chart Basics with Pythonâ€™s Matplotlib,"When properly presented, and they make it easy toÂ compareâ€¦",May 14,7 min read,Python In Plain English,13,
TheCyberBasics,Programming FUNdamentalsâ€Šâ€”â€ŠFunctions and Variables,Many times when I start learning a new programmingâ€¦,May 13,4 min read,Python In Plain English,5,
AAA Quants,Monte Carlo Options Pricing in Two Lines ofÂ Python,,May 10,10 min read,Python In Plain English,48,1 response
Di(Candice) Han,How to import csv data inÂ Python,,May 11,5 min read,Python In Plain English,1,1 response
Sushmit Roy,Introduction to Koalas (using COVID-19 dataÂ set),,May 10,6 min read,Python In Plain English,10,1 response
Aaron Yu,A basic ,,May 10,5 min read,Python In Plain English,19,
Kirtipurohit,The Car FuelingÂ Problem,,May 10,2 min read,Python In Plain English,62,1 response
Aaron Yu,A Closer Look at EntityRuler in SpaCy Rule-based Matching,,May 10,3 min read,Python In Plain English,2,
keypressingmonkey,Build An Easy API With Python AndÂ Flask,,May 10,5 min read,Python In Plain English,45,
Meysam Azad,Choosing the Right API Generator,Most of the work of a Backend Developer shines when he exposesÂ anâ€¦,May 10,4 min read,Python In Plain English,15,1 response
TheCyberBasics,Python Programming Fundamentalsâ€Šâ€”â€ŠSetting up your environment,,May 9,4 min read,Python In Plain English,28,
Ranjan Srinivas,Executing Python Scripts inÂ Docker,How to make scalable python scripts withÂ docker,May 8,3 min read,Python In Plain English,7,1 response
John Au-Yeung,Intro to Python Boolean and Conditional Statements,,May 8,4 min read,Python In Plain English,102,
Adrian J. Segura,Setting up your machine with AnacondaÂ (MacOS),Getting started with data science and analytics,May 7,4 min read,Python In Plain English,11,
Zhang Zeyu,"Replace Loops, map() and filter() With List Comprehensions inÂ Python",,May 8,5 min read,Python In Plain English,2,1 response
Amey Band,Twitter Sentiment Analysis using Vader &Â Tweepy,,May 6,10 min read,Python In Plain English,6,
John Au-Yeung,Using More Complex Regexes withÂ Python,We look at character classes andÂ repeats.,May 5,4 min read,Python In Plain English,171,1 response
Himanshu Mishra,Write a Simple Steganography Program usingÂ Python,,May 5,4 min read,Python In Plain English,3,
Melvin K.,Memoisation In Python: Exploring @lru_cache And Its ControlÂ Knobs,Memoisation is a common techniqueâ€¦,May 5,6 min read,Python In Plain English,4,
Chien Vu,Overview | Stanza | New Python Natural Language Processing Library |Â Stanford,,May 3,8 min read,Python In Plain English,160,
John Au-Yeung,Manipulating File Paths withÂ Python,Itâ€™s easy with built-in libraries.,May 3,4 min read,Python In Plain English,221,1 response
Behic Guven,Extract text from an image and translate it to any language withÂ Python,,May 4,3 min read,Python In Plain English,61,1 response
John Au-Yeung,Using Regex withÂ Python,Summary of basic regex definition and searching.,May 3,4 min read,Python In Plain English,282,
Borna Ahmadzadeh,Blue Book for Bulldozers Competition Part 4â€Šâ€”â€ŠThorough Analysis of Important FeaturesÂ I,,May 4,8 min read,Python In Plain English,,
Sasidhar Sirivella,100 Numpy Exercises for DataÂ Science!,Numpy for Machine Learning!!,May 3,15 min read,Python In Plain English,5,
Keno Leon,Front End to FullÂ Stack.,,May 2,9 min read,Python In Plain English,25,2 responses
Zhang Zeyu,Sorting Algorithms,Implementations inÂ Python,May 3,7 min read,Python In Plain English,43,
Richard Quinn,Learn Programming with Pythonâ€Šâ€”â€ŠIntroduction to Data Types:Â Numbers,Learn how computer programmers useâ€¦,May 3,12 min read,Python In Plain English,,
Case Robertson,GIS Python Script to Count Feature Classes andÂ Rasters,,May 2,2 min read,Python In Plain English,1,
Peiyuan Chien,A Data Analystâ€™s Python Kitâ€Šâ€”â€ŠData Preprocessing,,May 3,3 min read,Python In Plain English,55,
Athena Xiao,Technical | Slicing inÂ Python,I recently started taking Harvard CS50's Introduction to Artificialâ€¦,May 3,3 min read,Python In Plain English,,
Dorel Masasa,Python Queueâ€Šâ€”â€ŠSynchronize yourÂ Threads!,,May 9,3 min read,Python In Plain English,2,
Naveed Khan,"Up and Running with React, Flask and MongoDB in 5 minutes orÂ Less",,May 8,4 min read,Python In Plain English,11,
Ashutosh Singh,Learning jenkins: Installing On Red hat Linux And In Docker Container.,Jenkins is a freeÂ andâ€¦,May 1,4 min read,Python In Plain English,68,
Manthan B Y,Zero to Hero in Python in 30 days: Day 28: Exceptions,,Apr 30,4 min read,Python In Plain English,55,
Kelvin Tan,Applying Wittgenstein toÂ Code,,May 1,4 min read,Python In Plain English,51,
randerson112358,Can You Predict When To Buy & SellÂ Stock?,,May 2,7 min read,Python In Plain English,32,
Zhang Zeyu,I Built a Python WhatsApp Bot to Keep Me Sane During Quarantine,,May 2,7 min read,Python In Plain English,1,1 response
Viviana MÃ¡rquez,Gossip and Python: WhatsApp convos with my best friendÂ edition!,,May 1,5 min read,Python In Plain English,53,1 response
Divyanshi Bhamri,Performance Testing with Locust (PartÂ 5),,May 2,4 min read,Python In Plain English,174,
Aaron Yu,Create a Photo Organizer in 1 hour withÂ Python,,May 6,4 min read,Python In Plain English,42,
John Au-Yeung,Doing Common File System Operations withÂ Python,,May 6,5 min read,Python In Plain English,173,
Drew Seewald,How to Update Discord bot status with Discord.py,,Sep 28,6 min read,Python In Plain English,1,1 response
Sang Hyeok Nam,Is There a Way to Beat Casinos withÂ Python?,Using Python simulator to understand Blackjack statistics,May 6,7 min read,Python In Plain English,202,
John Au-Yeung,More Things We Can Do With Regexes andÂ Python,We look at options for regex search and how toÂ writeâ€¦,May 6,4 min read,Python In Plain English,102,
George Pipis,Decision Boundaries inÂ Python,,Sep 29,2 min read,Python In Plain English,73,
Jacob Tadesse,Handling LIFX API Requests withÂ Python,,Sep 28,6 min read,Python In Plain English,,
Kelvin Tan,Python Algorithms: Balanced LogicÂ Brackets,,Sep 28,3 min read,Python In Plain English,80,1 response
Mike Wolfe,The Road to SQLAlchemy,,Sep 27,4 min read,Python In Plain English,5,
Xiaoshen Hou,How to Automate Selenium Test of Python Dash App in Azure DevOps BuildÂ Process,,Sep 28,4 min read,Python In Plain English,51,
Kai,Django on GoDaddy VPS PartÂ 2,,Sep 27,2 min read,Python In Plain English,,
SolClover,How to use Clustering in Python to identify the role of NBA players in theirÂ teams,,Sep 27,9 min read,Python In Plain English,44,
osintalex,How to Share Python Scripts with Colleagues in 15Â minutes,,Sep 27,4 min read,Python In Plain English,7,
osintalex,Stop WeTransfer from mid-upload failure withÂ Python,,Sep 27,3 min read,Python In Plain English,1,
Abhay Parashar,How to create and use Stacks inÂ Python,,Sep 29,6 min read,Python In Plain English,28,
Dinesh Kumar K B,Getting Started with FastAPI inÂ Python,,Sep 26,5 min read,Python In Plain English,82,
Kai,Django on GoDaddy VPS PartÂ 1,,Sep 25,4 min read,Python In Plain English,,
Pasindu Ukwatta,Python Web Development: Getting started withÂ Flask,,Sep 26,3 min read,Python In Plain English,6,
Shuo Wang,Graph Algorithms in Python: Locks andÂ Graphs,,Sep 24,6 min read,Python In Plain English,3,
Adrienne Domingus,"Setting, Deleting, and Accessing Cookies inÂ Django",,Sep 25,4 min read,Python In Plain English,52,
MP Channels,Python Complete Beginnerâ€™s Guide,,Sep 23,8 min read,Python In Plain English,99,
Mike Patterson,Relationships with SQLAlchemy,Leveraging your relationships to work better forÂ you.,Sep 22,8 min read,Python In Plain English,1,
Farel Ellely,Django Quick Tips: get_or_create(),,Sep 23,4 min read,Python In Plain English,4,
George Pipis,Newton-Raphson Method inÂ Python,,Sep 23,4 min read,Python In Plain English,104,
Avinash Navlani,Custom Entity Recognition Model using PythonÂ spaCy,,Sep 22,4 min read,Python In Plain English,52,
Jenny Yang,Learning Algorithmsâ€Šâ€”â€ŠBinaryÂ Search,,Sep 22,5 min read,Python In Plain English,,
Shuo Wang,"Beta, Covariance and StockÂ Returns",,Sep 21,4 min read,Python In Plain English,,
Mike Wolfe,How to Containerize a Flask API withÂ Docker,,Sep 21,5 min read,Python In Plain English,33,
Vivek Coder,How to Create Captivating Animations inÂ Python,,Sep 24,4 min read,Python In Plain English,9,
Liam Hartley,How to Engineer Spotify Data with Terraform &Â AWS,,Sep 23,5 min read,Python In Plain English,105,2 responses
randerson112358,Convert A Photo To Pencil Sketch Using Python In 12 Lines OfÂ Code,,Sep 24,5 min read,Python In Plain English,46,
Gabriel Harris Ph.D.,"Python: How to Connect to, and Manage a Database with SqlAlchemy andÂ Pandas",High-level methodsÂ toâ€¦,Sep 24,2 min read,Python In Plain English,64,
Sjlouji,Git and Github for Python Developers,A beginnerâ€™s guide to versionÂ control,Sep 23,6 min read,Python In Plain English,62,
MP Channels,Python Complete Beginnerâ€™s Guide,,Sep 24,10 min read,Python In Plain English,50,
George Pipis,A Gentle Introduction to PythonÂ Strings,,Sep 24,5 min read,Python In Plain English,53,
Aigerim Shopenova,3 Things I Wish I Knew Before Diving into DataÂ Science,,Sep 20,5 min read,Python In Plain English,2,
Puneet Gajwal,Python Memory Management andÂ GIL,,Sep 21,6 min read,Python In Plain English,6,
Arman Berek,Using PySpark to Predict UserÂ Churn,,Sep 20,4 min read,Python In Plain English,11,
Borna Ahmadzadeh,Tackling Kaggleâ€™s Mercedes-Benz Greener Manufacturing Competition withÂ Python,Part 3â€Šâ€”â€ŠExploratoryâ€¦,Sep 21,7 min read,Python In Plain English,1,
Faridhsn,Plotting with Matplotlib Can Be Confusingâ€¦,,Sep 20,5 min read,Python In Plain English,,
Shabnam Banu,PDB: Python Advanced Debugging,,Sep 19,7 min read,Python In Plain English,7,1 response
Andrea Cabello,Exploring Data: Successfully Start a Business in the Movie MakingÂ Industry,,Sep 16,8 min read,Python In Plain English,,
Avinash Navlani,Text Analytics for Beginners using Python spaCyÂ Part-1,,Sep 19,10 min read,Python In Plain English,55,1 response
Chris Webb,Linear Regression inÂ Python,,Sep 19,6 min read,Python In Plain English,54,
Avinash Navlani,Text Classification using PythonÂ spaCy,,Sep 19,9 min read,Python In Plain English,2,
Barney H.,How to convert list to string inÂ Python,,Sep 19,2 min read,Python In Plain English,,
Avinash Navlani,Text Analytics for Beginners using Python spaCyÂ Part-2,,Sep 19,6 min read,Python In Plain English,2,
Naina Chaturvedi,"Python Iterators, Generators And Decorators MadeÂ Easy",,Sep 16,4 min read,Python In Plain English,244,2 responses
Angel Mariano,Spyder IDE and Command Line: TheÂ Basics,,Sep 15,4 min read,Python In Plain English,4,
K. Nawab,Playing with dates and holidays in Python usingÂ Pandas,,Sep 16,4 min read,Python In Plain English,35,
SolClover,LA Lakers Statistics Visualized Using Python ChordÂ Diagrams,,Sep 14,4 min read,Python In Plain English,4,
Uyen Nghb,Python Project: Looking at the US CensusÂ Data,My first data analysis done in Jupyter NotebookÂ withâ€¦,Sep 14,8 min read,Python In Plain English,52,
Jenny Yang,Learning Data Structures with Python:Â Stacks,,Sep 15,5 min read,Python In Plain English,52,
Mars Escobin,4 Python Libraries to Help you Make Money from Webscraping,,Sep 14,6 min read,Python In Plain English,529,4 responses
Dan Root,A Complete Beginners Reference Guide toÂ Python,,Sep 13,21 min read,Python In Plain English,72,
Lucas Soares,Productivity with Python: From Your Daily Notes to Anki FlashÂ Cards,,Sep 14,5 min read,Python In Plain English,338,
Drew Seewald,Hello World! How to Make a Simple Discord Bot Using Discord.py,,Sep 14,8 min read,Python In Plain English,50,
Dan Hales,A Simple Dot Plot Function inÂ Python,An easy-to-use tool for AP Statistics teachers,Sep 14,5 min read,Python In Plain English,81,
Erik Engheim,Python Experience in Machine Learning From Julia Perspective,First impressions learning PyTorchÂ andâ€¦,Sep 12,13 min read,Python In Plain English,114,1 response
Faridhsn,Modelling Linear Regression withÂ Python,,Sep 12,7 min read,Python In Plain English,3,
Shabnam Banu,PDB: Controlling The PythonÂ Debugger,,Sep 13,9 min read,Python In Plain English,,
Uzair Adamjee,File Handling inÂ Python,Performing basic file handling operations usingÂ Python,Sep 13,3 min read,Python In Plain English,6,
Avinash Navlani,Decision Tree Classification inÂ Python,,Sep 13,10 min read,Python In Plain English,1,
A Ydobon,Some minor but life-saving tips inÂ Python,,Sep 12,8 min read,Python In Plain English,,
Fernando Souza,How to use FastAPI withÂ MongoDB,,Sep 11,6 min read,Python In Plain English,127,
Chris Webb,Pearson Correlation inÂ Python,,Sep 12,6 min read,Python In Plain English,6,
Chris Webb,Introducing Graph Theory inÂ Python,,Sep 10,6 min read,Python In Plain English,30,
Avinash Navlani,AdaBoost Classifier inÂ Python,,Sep 11,7 min read,Python In Plain English,3,
Shuo Wang,String Partitioning,,Sep 12,4 min read,Python In Plain English,,
Avinash Navlani,Understanding Logistic Regression and Building Model inÂ Python,,Sep 10,8 min read,Python In Plain English,75,
Shabnam Banu,PDB: A Brief Introduction To PythonÂ Debugger,,Sep 10,5 min read,Python In Plain English,96,
Yen Hoang,"Python Positional Arguments vs Keyword Arguments, Passing variable number of arguments * args vs **Â kwargs",,Sep 9,3 min read,Python In Plain English,2,
Dinesh Kumar K B,Caveats of using return with try/except inÂ Python,,Sep 9,4 min read,Python In Plain English,39,2 responses
Jenny Yang,Learning Data Structures with Python: LinkedÂ Lists,,Sep 9,6 min read,Python In Plain English,96,
Shuo Wang,Longest Duplicate Substring,An algorithm involving two lists of integers and a very clever andÂ widelyâ€¦,Sep 7,4 min read,Python In Plain English,3,
Ravi,Python Package for working on Huge Amounts of Numerical Data inÂ Python,,Sep 7,7 min read,Python In Plain English,41,
MP Channels,How to Make a Snake Game using PythonÂ Code,,Sep 7,1 min read,Python In Plain English,,
Shuo Wang,Diameter of a BinaryÂ Tree,,Sep 6,4 min read,Python In Plain English,3,
Mike Wolfe,A Journey with Kubernetes: PartÂ 1,"While scheduling classes for my final semester of college, IÂ wasâ€¦",Sep 6,4 min read,Python In Plain English,2,
Borna Ahmadzadeh,Tackling Kaggleâ€™s Mercedes-Benz Greener Manufacturing Competition withÂ Python,Part 2â€Šâ€”â€ŠValidationâ€¦,Sep 7,16 min read,Python In Plain English,2,
Chi,How to read a zip file directly inÂ Python,,Sep 6,1 min read,Python In Plain English,5,
Chris Webb,Martian Gravity: An Exploration inÂ Python,,Sep 6,4 min read,Python In Plain English,8,
Dan Root,Pythonâ€Šâ€”â€ŠBasicÂ Overview,,Sep 5,5 min read,Python In Plain English,3,
Vikas Gautam,Why You Should Let The User Authenticate With SocialÂ Accounts,Django AllAuthâ€Šâ€”â€ŠGoogleâ€Šâ€”â€ŠLinkedinâ€Šâ€”â€¦,Sep 4,6 min read,Python In Plain English,2,
InfiniX,Pandas: First Step Towards Data Science (PartÂ 2),,Sep 4,4 min read,Python In Plain English,,
Shuo Wang,Prime Numbers,,Sep 4,2 min read,Python In Plain English,31,
osintalex,How to Test Your Dash App inÂ Python,,Sep 4,3 min read,Python In Plain English,,
Grant Peach,Create a QR Code Generator UsingÂ Python,,Sep 3,3 min read,Python In Plain English,55,
Veronika Rovnik,Data visualization with Python and JavaScript,,Sep 3,6 min read,Python In Plain English,428,1 response
Dinesh Kumar K B,Evolution of string formatting inÂ Python,"Pythonâ€™s string formatting, f-strings, self documentingâ€¦",Sep 3,4 min read,Python In Plain English,115,
DDSimms,The Fastest Way to Create a Web App inÂ Python.,,Sep 3,3 min read,Python In Plain English,12,
Joshua Szymanowski,How to build a recommendation system,Content-based recommendation using cosine similarity,Sep 3,6 min read,Python In Plain English,21,
Shuo Wang,Longest Chain in a BinaryÂ Tree,,Sep 2,4 min read,Python In Plain English,,
Seann Branchfield,,,Sep 3,3 min read,Python In Plain English,110,
dolcikey,No More Basic PlotsÂ Please,,Sep 1,4 min read,Python In Plain English,500,1 response
Aishah Ismail,How to use Pandas-Profiling on GoogleÂ Colab,,Sep 1,3 min read,Python In Plain English,104,
Zijing Zhu,Introducing Python Package CVXOPT: Implementing SVM fromÂ Scratch,,Sep 1,5 min read,Python In Plain English,47,
Maggie L,"How To Automate a Club Challenge with Strava and Google Sheets, forÂ Dummies",,Sep 1,12 min read,Python In Plain English,3,
Aman Ranjan verma,Use {Python: Dictionary} as aÂ Switch,,Sep 1,3 min read,Python In Plain English,127,
Shane R. Spencer,Build an Email Filter withÂ Python,Part 1: A simple streaming email filter and some assortedâ€¦,Sep 2,4 min read,Python In Plain English,55,
Jenny Yang,Learning Data Structures with Python:Â Arrays,,Sep 2,4 min read,Python In Plain English,122,
Chris Webb,Estimating Sines with Taylor Polynomials inÂ Python,,Sep 2,6 min read,Python In Plain English,3,
Vishal Sharma,This Python Dictionary Expression is nutty as a fruitcake!,,Jun 27,3 min read,Python In Plain English,59,
Hiroki Fujino,The Python implementation of Dataflow to transfer Datastore entities toÂ BigQuery,,Jun 28,5 min read,Python In Plain English,8,1 response
Di(Candice) Han,Draw a unique barplot using Matplotlib inÂ Python,,Jun 29,5 min read,Python In Plain English,6,1 response
Dan Hales,Making Sense of Sampling Distributions,,Jun 28,7 min read,Python In Plain English,104,
Konstantinos Patronas,Pandas: How to do data cleaning for beginners,,Jun 29,5 min read,Python In Plain English,35,
Raul Contreras,Exploring Pandas Python Library for DataÂ Science,,Jun 28,10 min read,Python In Plain English,46,
Borna Ahmadzadeh,Blue Book for Bulldozers Competition Part 7 (Optional)â€Šâ€”â€ŠDeep Learning for Tabular DataÂ I,,Jun 29,9 min read,Python In Plain English,,
Dean McGrath,Introduction toÂ SQL,,Jun 25,3 min read,Python In Plain English,41,
Woz,Python FileÂ Handling,,Jun 24,4 min read,Python In Plain English,1,
Fitrahtur Rahman,Building a Cat Facts App WithÂ Flask,,Jun 23,5 min read,Python In Plain English,97,
Frank Li,12 Steps To Deploy A Python Flask App onÂ Heroku,,Jun 24,4 min read,Python In Plain English,6,
rebelCoder,Bioinformatics Tools Programming in Python with Qt: PartÂ 2.,,Jun 23,4 min read,Python In Plain English,32,
Austin Johnson,How I used Python and Data Science to win at FantasyÂ Golf,,Jun 30,4 min read,Python In Plain English,51,1 response
rebelCoder,From Python to Rust: PartÂ 3.,,Jun 23,6 min read,Python In Plain English,46,
Dhaval Thakur,How to tokenize sentences without using any NLP library inÂ Python,,Jun 23,2 min read,Python In Plain English,23,1 response
Fernando Souza,How to publish a project intoÂ PyPI,,Jun 22,6 min read,Python In Plain English,23,
Shane R. Spencer,Python: On-The-Fly Global Configurableâ€™s,,Jun 22,3 min read,Python In Plain English,1,
Erik Schrama,How to Host your own Jupyter NotebookÂ Server,,Jun 20,4 min read,Python In Plain English,8,
Jonathan Duran,Data Engineering Projects: Working with an FTPÂ server,Hadoop,Jun 20,4 min read,Python In Plain English,3,
PythosLabs,How to publish your own pip Installable PythonÂ package,,Jun 21,5 min read,Python In Plain English,28,
Peiyuan Chien,Use Python to Upload Your First Dataset on Kaggleâ€” Taiwan Housing ProjectÂ (1/2),,Jun 21,3 min read,Python In Plain English,50,
Fabio Motta,Python: if __name__ == â€œ__main__â€,Welcome to my first Medium article!Â :),Jun 18,2 min read,Python In Plain English,486,5 responses
Zhang Zeyu,Build a Chatroom App withÂ Python,,Jun 18,13 min read,Python In Plain English,11,
Konstantinos Patronas,Python: How to execute shell commands / scripts efficient,,Jun 18,2 min read,Python In Plain English,,
Parithy Ilam,Functional Programmingâ€Šâ€”â€ŠPython,,Jun 17,4 min read,Python In Plain English,1,
Di(Candice) Han,Animated bubble chart with Plotly inÂ Python,"This tutorial is inspired by professor Hans Rosling,Â whoâ€¦",Jun 17,4 min read,Python In Plain English,98,
Konstantinos Patronas,Python: run functions in parallel with a multiprocessing wrapperÂ function,,Jun 17,2 min read,Python In Plain English,3,
Vinodnethichinna,Exporting Data from Pandas Dataframe in Python to MongoÂ DB,,Jun 17,3 min read,Python In Plain English,252,
TheCyberBasics,"Python Programming Fundamentalsâ€Šâ€”â€ŠDict, Set, and a List Refresher",,Jun 16,5 min read,Python In Plain English,3,
Edward Zhou,Leet Code 191. Number of 1 Bitsâ€Šâ€”â€ŠExplained Python3Â Solution,,Jun 16,3 min read,Python In Plain English,1,
Michael Van Den Reym,Create your Browser Automation Robot with Python andÂ Selenium,,Jun 15,3 min read,Python In Plain English,3,
Julie Elise,Tips When Using PythonÂ Lists,,Jun 13,4 min read,Python In Plain English,105,
Borna Ahmadzadeh,Blue Book for Bulldozers Competition,"Part 6 (Optional): XGBoost, Extra Trees, and EnsembleÂ Learning",Jun 15,10 min read,Python In Plain English,1,
Shane R. Spencer,Python: Compromising with â€˜The uncompromising code formatterâ€™,Am I the only one that has almost putÂ inâ€¦,Jun 13,3 min read,Python In Plain English,,
Ashish Ansurkar,Top 5 Use Cases Of PythonÂ Set,,Jun 14,2 min read,Python In Plain English,5,
Edward Zhou,3 minutes to implement Quick Sort with PythonÂ 3,,Jun 13,3 min read,Python In Plain English,16,
Zahra Elhamraoui,Instagram data scraping usingÂ Python,,Jun 19,3 min read,Python In Plain English,54,
Thiago Carvalho,Radar Chart Basics with Pythonâ€™s Matplotlib,,Jun 12,9 min read,Python In Plain English,72,2 responses
Konstantinos Patronas,Pandas and Multiprocessing: How to create dataframes in a parallelÂ way,,Jun 12,3 min read,Python In Plain English,147,
Uzair Adamjee,Introduction to Exception Handling inÂ Python,,Jun 10,2 min read,Python In Plain English,5,
Saranjeet Singh,Lesson 4: Web Development in Python: Views and Templates inÂ Django,,Jun 6,8 min read,Python In Plain English,85,
Di(Candice) Han,Make beautiful bar charts inÂ Python,"It is very eye-catching. To create this chart, you just need aÂ fewâ€¦",Jun 7,5 min read,Python In Plain English,162,1 response
Thiago Carvalho,Reading Data with Pythonâ€™sÂ Pandas,,Jun 9,11 min read,Python In Plain English,98,
Justin Chae,From API to Pandasâ€”Getting JSON Data WithÂ Python,,Jun 8,5 min read,Python In Plain English,153,1 response
Ashish Ansurkar,Awesomeâ€Šâ€”â€ŠDataFrame Merge & SQLAlchemy Merge,Made my lifeÂ easier,Jun 7,3 min read,Python In Plain English,1,
Ashish Ansurkar,Flask GraphQL JWT Authentication,Simple steps to configure JWT authentication for GraphQL developed onâ€¦,Jun 4,5 min read,Python In Plain English,12,
Di(Candice) Han,Make a beautiful water polo chart in a few lines inÂ Python,,Jun 4,4 min read,Python In Plain English,426,1 response
Thiago Carvalho,Scraping Data from the Web with Pythonâ€™s BeautifulSoup,,Jun 4,9 min read,Python In Plain English,100,1 response
Akshay Madar,How to perform an Exploratory Data Analysis (EDA) with one line ofÂ code,Learn about performingâ€¦,Jun 3,2 min read,Python In Plain English,149,
Michael Van Den Reym,7 Advantages of Using Google Colab forÂ Python,"Thanks to Google Colab, itâ€™s more easy than everÂ toâ€¦",Jun 4,3 min read,Python In Plain English,14,
rebelCoder,From Python to Rust: PartÂ 2.,,Jun 4,8 min read,Python In Plain English,46,
Zahra Elhamraoui,EDA of Twitter Sentiment Analysis usingÂ Python,,Jun 4,3 min read,Python In Plain English,,
The Future Of Work,Writing your own custom functions inÂ Python,,Jun 3,3 min read,Python In Plain English,65,
TheCyberBasics,Python Programming Fundamentalsâ€Šâ€”â€ŠLoops,,Jun 3,7 min read,Python In Plain English,79,
Vishal Sharma,What does underscores â€œ_â€ and â€œ__â€ mean inÂ Python?,,Jun 2,3 min read,Python In Plain English,77,
K. Nawab,When a List is Not Enough- PythonÂ Arrays,Lists are very easy to comprehend and work with but whenÂ dataâ€¦,Nov 7,4 min read,Python In Plain English,24,
Tracyrenee,How I solved the Dengue Fever competition question using AdaBoostingRegressor,,Nov 7,4 min read,Python In Plain English,13,
Parithy Ilam,Python named tupleâ€Šâ€”â€Šboost your code readability,,May 31,4 min read,Python In Plain English,39,1 response
Vishal Sharma,Learning these Pandas tricks made my lifeÂ easier,,Jun 1,3 min read,Python In Plain English,5,
Borna Ahmadzadeh,Blue Book for Bulldozers Competition Part 5 (Final Part)â€Šâ€”â€ŠExtrapolating with RandomÂ Forests,,Jun 1,9 min read,Python In Plain English,,
Dinesh Kumar K B,Understanding Big OÂ notation,,Nov 8,8 min read,Python In Plain English,48,
Mike Wolfe,Reading Configuration Variables For PythonÂ APIs,,Nov 7,3 min read,Python In Plain English,27,
Abhay Parashar,How To Automate Facebook Posts UsingÂ Python,,Nov 8,3 min read,Python In Plain English,2,
Reece Althoff,Python + Pulp Optimization: A Simple Logistics Example,PuLP for Python is an optimization toolÂ likeâ€¦,Nov 6,6 min read,Python In Plain English,24,
Pasindu Ukwatta,Functional Programming inÂ Python,,Nov 5,4 min read,Python In Plain English,74,
remarkablemark,Transcribe Speech toÂ Text,,Nov 6,1 min read,Python In Plain English,,
Tracyrenee,How I used a pipelined Gradient Boosting Regression to solve Ames House Price Competition Question,,Nov 5,4 min read,Python In Plain English,22,
aditya dhanraj tiwari,Pythonâ€™s amazing functools module,,Nov 3,3 min read,Python In Plain English,64,
Eduardo Sarmento,Analyzing data from WhatsApp group chat withÂ Python,Introductio,Nov 3,4 min read,Python In Plain English,19,
Jenny Yang,Learning Binary Search Tree | Traversal,,Nov 4,3 min read,Python In Plain English,18,
Dhaval Thakur,Tokenizing sentences into words in Python under 5Â minutes,,Nov 4,2 min read,Python In Plain English,3,
Jakob S,Get Komoot tour data withoutÂ API,,Nov 4,5 min read,Python In Plain English,47,
Jakob S,Identify WebSocket clients with autobahn/twisted andÂ Python,,Nov 3,4 min read,Python In Plain English,1,
Zahra Elhamraoui,Before jumping into MachineÂ Learning,,Sep 1,4 min read,Python In Plain English,94,
Himanshu kanojiya,OpenCV Python Tutorial for Beginners PartÂ 3,,Nov 3,10 min read,Python In Plain English,28,
Tracyrenee,How I used Simple Polynomial Regression to solve a real world problem concerning COV19,,Nov 3,5 min read,Python In Plain English,26,
Sofien Kaabar,Presenting an Exotic Indicator and Back-testing it inÂ Python,,Nov 2,6 min read,Python In Plain English,38,
Tracyrenee,How I used a Pipeline() to solve the Kaggle Disaster Tweet competition Question,,Nov 2,5 min read,Python In Plain English,14,
aditya dhanraj tiwari,Functions as a First Class Objects inÂ Python,,Nov 2,3 min read,Python In Plain English,32,
Borna Ahmadzadeh,Tackling Kaggleâ€™s Mercedes-Benz Greener Manufacturing Competition withÂ Python,Part 3 (Continued)â€Šâ€”â€¦,Nov 2,9 min read,Python In Plain English,,
Thiago Carvalho,Basics of Power BI Transformations withÂ Python,,Aug 30,7 min read,Python In Plain English,42,1 response
Keith Chan,8 Minute Beginnerâ€™s Financial Analysis inÂ Python,Learn the Basic Financial Analyses that Anyone canÂ doâ€¦,Aug 30,8 min read,Python In Plain English,137,
Ravi,"IoT development using VS Code, Python and the Device Simulator Express Extension",The Device Simulatorâ€¦,Aug 30,9 min read,Python In Plain English,51,
Chris Webb,Memoization of Factorials inÂ Python,,Aug 31,3 min read,Python In Plain English,59,
Lucas Soares,Learn Plotly Basics in 5 Minutes orÂ Less,,Aug 29,5 min read,Python In Plain English,125,3 responses
Pranjal Saxena,Azure DP-100 Exam Tips &Â Tricks,Azure Data Scientist Certification Tips,Aug 29,2 min read,Python In Plain English,175,
Sjlouji,Django Rest Frameworkâ€Šâ€”â€ŠJWT auth with Login andÂ Register,,Aug 26,4 min read,Python In Plain English,10,
Sjlouji,Django REST Frameworkâ€Šâ€”â€ŠParse Nested JSON and projecting API with permissions,,Aug 27,4 min read,Python In Plain English,27,
Brock Joseph Herion,Role Based Authentication and Authorization with DjangoRestFramework and SimpleJWT,,Aug 26,6 min read,Python In Plain English,39,
Durgesh Samariya,"Data Analysis and Visualization using Pandas, Matplotlib andÂ Seaborn",,Aug 27,6 min read,Python In Plain English,46,
Aman Ranjan verma,Use Python Dictionary like aÂ pro,,Aug 27,2 min read,Python In Plain English,59,
Karnaz O,Super Quick and Easy Stock Analysis withÂ Pandas!,,Aug 27,6 min read,Python In Plain English,42,
Matteo Gambera,Trading Systems Drawdown Analysis using MonteÂ Carlo,,Aug 27,4 min read,Python In Plain English,44,
Valentina Alto,Monty Hall Problem solved withÂ Python,,Aug 28,3 min read,Python In Plain English,65,1 response
Sameera Madushan,Your Password Has Likely Been Stolenâ€Šâ€”â€ŠHereâ€™s How ToÂ Check,,Aug 28,3 min read,Python In Plain English,32,
Ashish Ansurkar,Connect Salesforce Oauth2.0 App with Python (without using any libraries),,Aug 25,2 min read,Python In Plain English,,
George Pipis,Dimensionality Reduction with Non-Negative Matrix Factorization,,Aug 25,2 min read,Python In Plain English,157,
Sukhpinder Singh,Facebook TransCoder could change the way we write code in theÂ future,,Aug 24,4 min read,Python In Plain English,90,1 response
Niels Goet,How to Improve your Python Code Style with Pre-commit Hooks,,Aug 24,5 min read,Python In Plain English,70,
Sjlouji,Django Rest Framework â€”JWT Auth withÂ DRF,,Aug 26,5 min read,Python In Plain English,1,
Brenda Maya,Python Basics: Packet Crafting WithÂ Scapy,Craft your firstÂ packet,Aug 24,3 min read,Python In Plain English,60,1 response
Lucas Soares,3 Charming and Obscure Command-line Tools to Boost your Productivity,,Aug 23,5 min read,Python In Plain English,348,
Sukhpinder Singh,Kubernetes serverless functions inÂ Python,,Aug 24,2 min read,Python In Plain English,60,
Borna Ahmadzadeh,Tackling Kaggleâ€™s Mercedes-Benz Greener Manufacturing competition withÂ Python,Part 1â€Šâ€”â€ŠBasicÂ Dataâ€¦,Aug 24,5 min read,Python In Plain English,6,
Dinesh Kumar K B,A quick glance at Pythonâ€™s TypeÂ hints,,Aug 26,4 min read,Python In Plain English,5,
Seann Branchfield,,,Aug 25,3 min read,Python In Plain English,114,
George Pipis,Get the Dominant Colors of an Image withÂ K-Means,,Aug 26,3 min read,Python In Plain English,,
MP Channels,,,Aug 23,13 min read,Python In Plain English,5,2 responses
Ravi,Python List Operation Summary,,Aug 23,8 min read,Python In Plain English,60,
Sjlouji,"Inbuilt User Authentication with Djangoâ€Šâ€”â€ŠLogin, andÂ Logout",,Aug 23,5 min read,Python In Plain English,,
Vikas Gautam,The Beginners Guide To Django User Management and User Authentication Usingâ€¦,,Aug 23,4 min read,Python In Plain English,52,
Sjlouji,"Inbuilt User Authentication with Djangoâ€Šâ€”â€ŠSignUp, and PasswordÂ Reset",,Aug 23,4 min read,Python In Plain English,,
Richard Chung,Solving Paper Mario Ring Puzzles with Tree Traversal inÂ Python,,Aug 18,8 min read,Python In Plain English,30,2 responses
Vikas Gautam,3 Ways To Connect Django WithÂ MongoDB,Djangoâ€Šâ€”â€ŠMongoDBâ€Šâ€”â€ŠDjongoâ€Šâ€”â€ŠMongoEngineâ€Šâ€”â€ŠPyMongo,Aug 21,3 min read,Python In Plain English,48,
Lucas Soares,How to use Emojis inÂ Python,,Aug 20,1 min read,Python In Plain English,103,
Lucas Soares,Python for Daily Life Productivity,,Aug 20,6 min read,Python In Plain English,366,
Mikhail Raevskiy,I Want to Learn How to Program in Python. Where toÂ Begin?,,Aug 20,3 min read,Python In Plain English,5,1 response
Konstantinos Patronas,Python: Case In-sensitive argparse â€œchoicesâ€,,Aug 20,2 min read,Python In Plain English,1,
Sjlouji,How to Connect a Django App to aÂ Database,,Aug 20,5 min read,Python In Plain English,51,
Mikhail Raevskiy,Top 11 Python Libraries You Must Know For DataÂ Science,,Aug 17,5 min read,Python In Plain English,8,
Curt Beck,How to send Stock Updates withÂ Python,,Aug 22,4 min read,Python In Plain English,125,1 response
Ravi,Automate website interactions with Python + Mechanical Soup,,Aug 16,3 min read,Python In Plain English,63,
Avinash Navlani,Text Analytics for Beginners using PythonÂ NLTK,,Aug 22,12 min read,Python In Plain English,1,
Zahra Elhamraoui,Why Python is used for MachineÂ Learning,,Aug 22,4 min read,Python In Plain English,9,
pankaj kumar,Use Python to extract and visualize data from Wikipedia,,Aug 21,9 min read,Python In Plain English,35,
Sjlouji,How to setup DjangoÂ Admin,,Aug 22,4 min read,Python In Plain English,1,
Mikhail Raevskiy,Top 4 Python Libraries for Interpreted MachineÂ Learning,,Aug 16,4 min read,Python In Plain English,65,
Dan Root,A brief history of the Python programming language,,Aug 16,5 min read,Python In Plain English,2,
rebelCoder,Bioinformatics in Python: Tips & Tricks: (Hamming Distance),Letâ€™s take a look at how we canÂ programâ€¦,Aug 16,5 min read,Python In Plain English,3,
Sandro,Automate your Social media Presence withÂ Python,,Aug 15,8 min read,Python In Plain English,223,1 response
Aigerim Shopenova,How to understand your customers and interpret a black boxÂ model,,Aug 14,6 min read,Python In Plain English,20,
Richard Quinn,Seven Intermediate-Level Tips and Tricks for PythonÂ Lists,,Aug 12,5 min read,Python In Plain English,121,1 response
Chris Webb,Calculating Great Circle Distances inÂ Python,,Aug 11,5 min read,Python In Plain English,9,
Joshua Szymanowski,How to teach your computer to read the text inÂ images,,Aug 11,5 min read,Python In Plain English,70,2 responses
TheCyberBasics,Python Programming Fundamentalsâ€Šâ€”â€ŠLoan PaymentÂ Schedule,,Aug 10,7 min read,Python In Plain English,41,
Chow Jia Ying,Python Tips for Leetcode Questions,,Aug 10,2 min read,Python In Plain English,24,1 response
Lucas Soares,Python for daily life productivity,,Aug 4,5 min read,Python In Plain English,544,
John Fantell,Building Hybrid Python/C++ Packages,This tutorial will demonstrate how to build a hybrid Python/C++â€¦,Aug 3,6 min read,Python In Plain English,55,1 response
K. Nawab,A Quick Intro to To Test Coverage inÂ Python,A quick guide to basic usage of Coverage for generating aâ€¦,Aug 4,5 min read,Python In Plain English,36,1 response
Marco Massenzio,Parse Args in BashÂ Scripts,,Aug 3,3 min read,Python In Plain English,51,
Derrick Zhen,The Perfect Webscraping Project for Python Beginners,,Aug 6,8 min read,Python In Plain English,26,
Richard Quinn,"16 Intermediate-Level Python Dictionary Tips, Tricks and Shortcuts",,Aug 5,3 min read,Python In Plain English,185,1 response
Cody Watson,Downloading Modules/Packages to Your Anaconda Environment,Fix your download issues withinÂ yourâ€¦,Aug 6,3 min read,Python In Plain English,2,1 response
Sam Eckford,A simple guide to modelling Covid-19 data inÂ Python,,Aug 6,10 min read,Python In Plain English,34,
Bhagesh Hunakunti,Redefining Imports in Python usingÂ Pyforest,,Aug 6,3 min read,Python In Plain English,43,1 response
E.T. Deubner,Hosting a Python Discord Bot using AWS &Â Redis,,Jul 17,7 min read,Python In Plain English,54,
Akshay Madar,How to load data from AWS S3 into GoogleÂ Colab,,Jul 17,3 min read,Python In Plain English,157,
JOSHUA WEINSTEIN,How to mine data fromÂ Reddit,,Jul 16,7 min read,Python In Plain English,15,
Vishal Sharma,Exploring Regular Expression functions inÂ Python,,Jul 17,4 min read,Python In Plain English,16,
Uzair Adamjee,Introduction to Sentiment Analysis Using Python NLTKÂ Library,,Jul 16,5 min read,Python In Plain English,23,
Kenny Dubroff,Recursive Functionsâ€Šâ€”â€ŠSimply Explained,,Jul 16,3 min read,Python In Plain English,75,
Rhett Allain,The Center of Mass of a RightÂ Triangle,,Jul 14,6 min read,Python In Plain English,100,
Justin Chae,How to Escape Recursion inÂ Python,,Jul 14,7 min read,Python In Plain English,,
Valentina Alto,How to extract audio from video inÂ Python,,Jul 18,3 min read,Python In Plain English,31,
Konstantinos Patronas,Python: smart coding with locals() andÂ global(),,Jul 18,2 min read,Python In Plain English,19,
Kaushik Katari,"Python: Problems for Basics Referenceâ€Šâ€”â€ŠSwapping, Factorial, Reverse Digits, PatternÂ Print",,Jul 18,2 min read,Python In Plain English,8,
Justin Chae,Unlock Basic Lambdas inÂ Python,For anyoneâ€Šâ€”â€Šget over the top to conquer lambdas in Python withÂ aâ€¦,Jul 12,7 min read,Python In Plain English,53,1 response
Erik Schrama,Never tell your boss about this PythonÂ code,,Jul 13,3 min read,Python In Plain English,71,2 responses
James Fulford,Debug Google Colab andÂ Kaggle,,Jul 13,3 min read,Python In Plain English,25,
Alexa Lautenbacher,Everything you need to know about Unit and Integration Tests,,Jul 12,7 min read,Python In Plain English,7,
Sunil Sandhu,Job Opportunity: Associate Editor,Become an Associate Editor for Python In PlainÂ English,Jul 12,2 min read,Python In Plain English,14,2 responses
Borna Ahmadzadeh,Blue Book for Bulldozers Competition Part 7 (Continued)â€Šâ€”â€ŠDeep Learning for Tabular DataÂ II,,Jul 13,12 min read,Python In Plain English,12,
Chestermo,Commonly used Decorators in PythonÂ Class,,Jul 8,3 min read,Python In Plain English,55,
Maciej Szymczyk,Big Data without Hadoop/HDFS? MinIO tested on Jupyter +Â PySpark,,Jul 14,6 min read,Python In Plain English,20,
Miguel Corral Jr,How to run and analyze SQL queries with Pandas inÂ Jupyter,A quick guide to run SQL inÂ Jupyterâ€¦,Jul 5,2 min read,Python In Plain English,338,1 response
Hamilton Chang,How to use Iterrows inÂ Pandas,,Jul 10,6 min read,Python In Plain English,79,
Andrew Wigmore,How to use Python and Pandas to join historical weather data to road accidentÂ data,,Jul 14,6 min read,Python In Plain English,8,
Martin Thoma,Killer Features by PythonÂ Version,Get to know what you miss when you support older Python versionsâ€¦,Jul 5,3 min read,Python In Plain English,35,
Renan Lolico,Why timing is important when managing bigÂ data,,Jul 4,5 min read,Python In Plain English,40,
randerson112358,Triple Moving Average Trading Strategy withÂ Python,Triple EMA Trading Strategy usingÂ Python,Jul 10,7 min read,Python In Plain English,5,
Shane R. Spencer,Python: Constructed Event Flow Functions,,Jul 3,3 min read,Python In Plain English,111,
Maciej Szymczyk,"Koalas, or PySpark disguised asÂ Pandas",,Jul 2,5 min read,Python In Plain English,20,1 response
Sanjay Siddhanti,Serverless Web Apps inÂ Python,A practical guide to deploying Python web apps on AWSÂ Lambda.,Jul 5,7 min read,Python In Plain English,53,
Hamilton Chang,Using SQL forÂ Pandas,Its introduction to the field of analytics in 2008 revolutionized theÂ dataâ€¦,Jul 3,5 min read,Python In Plain English,21,
Alex,Automating Anki withÂ Python,,Jul 2,11 min read,Python In Plain English,45,
Konstantinos Patronas,How to slow down output of a shell command usingÂ Python,,Jul 2,1 min read,Python In Plain English,75,
Chi,15 of my most-used Python functions for data cleaning to get youÂ started!,,Jul 1,2 min read,Python In Plain English,10,
Jonathan Davis,Start Writing Efficient Data ScienceÂ Code,,Jul 6,3 min read,Python In Plain English,83,
Robert Olsthoorn,AWS Lambda + Python: the easy way (using serverless),,Jul 5,3 min read,Python In Plain English,37,
Aasavari Kaley,How Data Visualization aids HumanÂ Memory,,Jul 5,4 min read,Python In Plain English,59,
Adarsh Bulusu,4 Built-In Python String Functions forÂ Dummies,,Jul 5,2 min read,Python In Plain English,2,
